province,fk_periodo,year,quarter,date,unemployment_rate
NA,22,2025,4,2025-12-01,9.93
NA,21,2025,3,2025-09-01,10.45
NA,20,2025,2,2025-06-01,10.29
NA,19,2025,1,2025-03-01,11.36
NA,22,2024,4,2024-12-01,10.61
NA,21,2024,3,2024-09-01,11.21
NA,20,2024,2,2024-06-01,11.27
NA,19,2024,1,2024-03-01,12.29
NA,22,2023,4,2023-12-01,11.8
NA,21,2023,3,2023-09-01,11.89
NA,20,2023,2,2023-06-01,11.67
NA,19,2023,1,2023-03-01,13.38
NA,22,2022,4,2022-12-01,12.99
NA,21,2022,3,2022-09-01,12.73
NA,20,2022,2,2022-06-01,12.69
NA,19,2022,1,2022-03-01,13.73
NA,22,2021,4,2021-12-01,13.44
NA,21,2021,3,2021-09-01,14.71
NA,20,2021,2,2021-06-01,15.39
NA,19,2021,1,2021-03-01,16.14
Albacete,22,2025,4,2025-12-01,10.19
Albacete,21,2025,3,2025-09-01,10.94
Albacete,20,2025,2,2025-06-01,11.94
Albacete,19,2025,1,2025-03-01,12.18
Albacete,22,2024,4,2024-12-01,11.37
Albacete,21,2024,3,2024-09-01,9.92
Albacete,20,2024,2,2024-06-01,10.74
Albacete,19,2024,1,2024-03-01,13.23
Albacete,22,2023,4,2023-12-01,12.09
Albacete,21,2023,3,2023-09-01,9.11
Albacete,20,2023,2,2023-06-01,12.74
Albacete,19,2023,1,2023-03-01,13.89
Albacete,22,2022,4,2022-12-01,11.11
Albacete,21,2022,3,2022-09-01,11.01
Albacete,20,2022,2,2022-06-01,12.65
Albacete,19,2022,1,2022-03-01,16.62
Albacete,22,2021,4,2021-12-01,12.02
Albacete,21,2021,3,2021-09-01,15.67
Albacete,20,2021,2,2021-06-01,14.49
Albacete,19,2021,1,2021-03-01,19.93
Alicante/Alacant,22,2025,4,2025-12-01,10.29
Alicante/Alacant,21,2025,3,2025-09-01,12.05
Alicante/Alacant,20,2025,2,2025-06-01,12.18
Alicante/Alacant,19,2025,1,2025-03-01,15.51
Alicante/Alacant,22,2024,4,2024-12-01,13.31
Alicante/Alacant,21,2024,3,2024-09-01,13.77
Alicante/Alacant,20,2024,2,2024-06-01,13.11
Alicante/Alacant,19,2024,1,2024-03-01,14.37
Alicante/Alacant,22,2023,4,2023-12-01,13.33
Alicante/Alacant,21,2023,3,2023-09-01,11.6
Alicante/Alacant,20,2023,2,2023-06-01,12.74
Alicante/Alacant,19,2023,1,2023-03-01,15.9
Alicante/Alacant,22,2022,4,2022-12-01,15.57
Alicante/Alacant,21,2022,3,2022-09-01,13.65
Alicante/Alacant,20,2022,2,2022-06-01,14.39
Alicante/Alacant,19,2022,1,2022-03-01,14.97
Alicante/Alacant,22,2021,4,2021-12-01,18.91
Alicante/Alacant,21,2021,3,2021-09-01,18.49
Alicante/Alacant,20,2021,2,2021-06-01,18.24
Alicante/Alacant,19,2021,1,2021-03-01,19.18
Almería,22,2025,4,2025-12-01,14.76
Almería,21,2025,3,2025-09-01,14.81
Almería,20,2025,2,2025-06-01,13.45
Almería,19,2025,1,2025-03-01,12.43
Almería,22,2024,4,2024-12-01,14.83
Almería,21,2024,3,2024-09-01,16.22
Almería,20,2024,2,2024-06-01,14.19
Almería,19,2024,1,2024-03-01,15.9
Almería,22,2023,4,2023-12-01,14.58
Almería,21,2023,3,2023-09-01,19.86
Almería,20,2023,2,2023-06-01,16.58
Almería,19,2023,1,2023-03-01,12.87
Almería,22,2022,4,2022-12-01,16.36
Almería,21,2022,3,2022-09-01,20.52
Almería,20,2022,2,2022-06-01,15.54
Almería,19,2022,1,2022-03-01,16.18
Almería,22,2021,4,2021-12-01,15.86
Almería,21,2021,3,2021-09-01,21.67
Almería,20,2021,2,2021-06-01,21.96
Almería,19,2021,1,2021-03-01,17.53
Araba/Álava,22,2025,4,2025-12-01,7.58
Araba/Álava,21,2025,3,2025-09-01,7.74
Araba/Álava,20,2025,2,2025-06-01,6.88
Araba/Álava,19,2025,1,2025-03-01,6.59
Araba/Álava,22,2024,4,2024-12-01,7.79
Araba/Álava,21,2024,3,2024-09-01,9.4
Araba/Álava,20,2024,2,2024-06-01,8.28
Araba/Álava,19,2024,1,2024-03-01,8.8
Araba/Álava,22,2023,4,2023-12-01,5.26
Araba/Álava,21,2023,3,2023-09-01,9.7
Araba/Álava,20,2023,2,2023-06-01,7.18
Araba/Álava,19,2023,1,2023-03-01,6.67
Araba/Álava,22,2022,4,2022-12-01,7.87
Araba/Álava,21,2022,3,2022-09-01,9.01
Araba/Álava,20,2022,2,2022-06-01,9.67
Araba/Álava,19,2022,1,2022-03-01,10.21
Araba/Álava,22,2021,4,2021-12-01,9.48
Araba/Álava,21,2021,3,2021-09-01,12.3
Araba/Álava,20,2021,2,2021-06-01,10.92
Araba/Álava,19,2021,1,2021-03-01,12.76
Asturias,22,2025,4,2025-12-01,8.42
Asturias,21,2025,3,2025-09-01,9.03
Asturias,20,2025,2,2025-06-01,8.57
Asturias,19,2025,1,2025-03-01,9.31
Asturias,22,2024,4,2024-12-01,8.09
Asturias,21,2024,3,2024-09-01,9.26
Asturias,20,2024,2,2024-06-01,11.79
Asturias,19,2024,1,2024-03-01,11.4
Asturias,22,2023,4,2023-12-01,11.62
Asturias,21,2023,3,2023-09-01,13.39
Asturias,20,2023,2,2023-06-01,10.38
Asturias,19,2023,1,2023-03-01,13.1
Asturias,22,2022,4,2022-12-01,14.18
Asturias,21,2022,3,2022-09-01,12.59
Asturias,20,2022,2,2022-06-01,11.6
Asturias,19,2022,1,2022-03-01,11.68
Asturias,22,2021,4,2021-12-01,10.1
Asturias,21,2021,3,2021-09-01,12.09
Asturias,20,2021,2,2021-06-01,13.42
Asturias,19,2021,1,2021-03-01,13.73
Ávila,22,2025,4,2025-12-01,8.2
Ávila,21,2025,3,2025-09-01,7.08
Ávila,20,2025,2,2025-06-01,11.89
Ávila,19,2025,1,2025-03-01,8.35
Ávila,22,2024,4,2024-12-01,9.47
Ávila,21,2024,3,2024-09-01,11.18
Ávila,20,2024,2,2024-06-01,10.31
Ávila,19,2024,1,2024-03-01,13.61
Ávila,22,2023,4,2023-12-01,11.27
Ávila,21,2023,3,2023-09-01,10.51
Ávila,20,2023,2,2023-06-01,11.91
Ávila,19,2023,1,2023-03-01,12.85
Ávila,22,2022,4,2022-12-01,11.39
Ávila,21,2022,3,2022-09-01,13.81
Ávila,20,2022,2,2022-06-01,15.2
Ávila,19,2022,1,2022-03-01,15.34
Ávila,22,2021,4,2021-12-01,15.66
Ávila,21,2021,3,2021-09-01,11.73
Ávila,20,2021,2,2021-06-01,18.5
Ávila,19,2021,1,2021-03-01,16.07
Badajoz,22,2025,4,2025-12-01,13.43
Badajoz,21,2025,3,2025-09-01,12.56
Badajoz,20,2025,2,2025-06-01,14.86
Badajoz,19,2025,1,2025-03-01,16.67
Badajoz,22,2024,4,2024-12-01,14.53
Badajoz,21,2024,3,2024-09-01,13.51
Badajoz,20,2024,2,2024-06-01,15.94
Badajoz,19,2024,1,2024-03-01,17.6
Badajoz,22,2023,4,2023-12-01,17.6
Badajoz,21,2023,3,2023-09-01,19.23
Badajoz,20,2023,2,2023-06-01,18.35
Badajoz,19,2023,1,2023-03-01,19.52
Badajoz,22,2022,4,2022-12-01,18.81
Badajoz,21,2022,3,2022-09-01,16.41
Badajoz,20,2022,2,2022-06-01,16.13
Badajoz,19,2022,1,2022-03-01,19.14
Badajoz,22,2021,4,2021-12-01,20.33
Badajoz,21,2021,3,2021-09-01,18.93
Badajoz,20,2021,2,2021-06-01,19.83
Badajoz,19,2021,1,2021-03-01,23.02
"Balears, Illes",22,2025,4,2025-12-01,7.8
"Balears, Illes",21,2025,3,2025-09-01,5.77
"Balears, Illes",20,2025,2,2025-06-01,7.41
"Balears, Illes",19,2025,1,2025-03-01,14.78
"Balears, Illes",22,2024,4,2024-12-01,8.2
"Balears, Illes",21,2024,3,2024-09-01,6.17
"Balears, Illes",20,2024,2,2024-06-01,7.95
"Balears, Illes",19,2024,1,2024-03-01,15.48
"Balears, Illes",22,2023,4,2023-12-01,11.16
"Balears, Illes",21,2023,3,2023-09-01,5.85
"Balears, Illes",20,2023,2,2023-06-01,7.12
"Balears, Illes",19,2023,1,2023-03-01,17.79
"Balears, Illes",22,2022,4,2022-12-01,10.7
"Balears, Illes",21,2022,3,2022-09-01,5.61
"Balears, Illes",20,2022,2,2022-06-01,9.02
"Balears, Illes",19,2022,1,2022-03-01,17.61
"Balears, Illes",22,2021,4,2021-12-01,14.58
"Balears, Illes",21,2021,3,2021-09-01,10.02
"Balears, Illes",20,2021,2,2021-06-01,14.74
"Balears, Illes",19,2021,1,2021-03-01,18.4
Barcelona,22,2025,4,2025-12-01,7.92
Barcelona,21,2025,3,2025-09-01,8.27
Barcelona,20,2025,2,2025-06-01,7.93
Barcelona,19,2025,1,2025-03-01,8.66
Barcelona,22,2024,4,2024-12-01,7.41
Barcelona,21,2024,3,2024-09-01,8.78
Barcelona,20,2024,2,2024-06-01,8.95
Barcelona,19,2024,1,2024-03-01,8.67
Barcelona,22,2023,4,2023-12-01,8.64
Barcelona,21,2023,3,2023-09-01,8.39
Barcelona,20,2023,2,2023-06-01,8.95
Barcelona,19,2023,1,2023-03-01,10.5
Barcelona,22,2022,4,2022-12-01,10.54
Barcelona,21,2022,3,2022-09-01,9.39
Barcelona,20,2022,2,2022-06-01,9.29
Barcelona,19,2022,1,2022-03-01,10.48
Barcelona,22,2021,4,2021-12-01,9.61
Barcelona,21,2021,3,2021-09-01,10.89
Barcelona,20,2021,2,2021-06-01,12.27
Barcelona,19,2021,1,2021-03-01,12.54
Bizkaia,22,2025,4,2025-12-01,8.11
Bizkaia,21,2025,3,2025-09-01,7.17
Bizkaia,20,2025,2,2025-06-01,7.09
Bizkaia,19,2025,1,2025-03-01,8.66
Bizkaia,22,2024,4,2024-12-01,10.28
Bizkaia,21,2024,3,2024-09-01,8.08
Bizkaia,20,2024,2,2024-06-01,8.88
Bizkaia,19,2024,1,2024-03-01,8.68
Bizkaia,22,2023,4,2023-12-01,6.68
Bizkaia,21,2023,3,2023-09-01,8.26
Bizkaia,20,2023,2,2023-06-01,7.76
Bizkaia,19,2023,1,2023-03-01,9.5
Bizkaia,22,2022,4,2022-12-01,9.05
Bizkaia,21,2022,3,2022-09-01,9.45
Bizkaia,20,2022,2,2022-06-01,9.46
Bizkaia,19,2022,1,2022-03-01,9.68
Bizkaia,22,2021,4,2021-12-01,10.04
Bizkaia,21,2021,3,2021-09-01,10.06
Bizkaia,20,2021,2,2021-06-01,11.55
Bizkaia,19,2021,1,2021-03-01,12.61
Burgos,22,2025,4,2025-12-01,6.78
Burgos,21,2025,3,2025-09-01,7.32
Burgos,20,2025,2,2025-06-01,8.55
Burgos,19,2025,1,2025-03-01,7.76
Burgos,22,2024,4,2024-12-01,6.35
Burgos,21,2024,3,2024-09-01,6.47
Burgos,20,2024,2,2024-06-01,6.65
Burgos,19,2024,1,2024-03-01,8.24
Burgos,22,2023,4,2023-12-01,8.18
Burgos,21,2023,3,2023-09-01,6.82
Burgos,20,2023,2,2023-06-01,7.85
Burgos,19,2023,1,2023-03-01,8.02
Burgos,22,2022,4,2022-12-01,7.22
Burgos,21,2022,3,2022-09-01,6.09
Burgos,20,2022,2,2022-06-01,11.08
Burgos,19,2022,1,2022-03-01,9.83
Burgos,22,2021,4,2021-12-01,9.65
Burgos,21,2021,3,2021-09-01,8.86
Burgos,20,2021,2,2021-06-01,10.21
Burgos,19,2021,1,2021-03-01,9.8
Cáceres,22,2025,4,2025-12-01,13.41
Cáceres,21,2025,3,2025-09-01,15.33
Cáceres,20,2025,2,2025-06-01,16.52
Cáceres,19,2025,1,2025-03-01,16.49
Cáceres,22,2024,4,2024-12-01,16.52
Cáceres,21,2024,3,2024-09-01,14.31
Cáceres,20,2024,2,2024-06-01,14.4
Cáceres,19,2024,1,2024-03-01,17.62
Cáceres,22,2023,4,2023-12-01,13.79
Cáceres,21,2023,3,2023-09-01,11.58
Cáceres,20,2023,2,2023-06-01,15.06
Cáceres,19,2023,1,2023-03-01,19.33
Cáceres,22,2022,4,2022-12-01,15.25
Cáceres,21,2022,3,2022-09-01,14.6
Cáceres,20,2022,2,2022-06-01,18.04
Cáceres,19,2022,1,2022-03-01,19.22
Cáceres,22,2021,4,2021-12-01,17.63
Cáceres,21,2021,3,2021-09-01,17.71
Cáceres,20,2021,2,2021-06-01,19.22
Cáceres,19,2021,1,2021-03-01,23.88
Cádiz,22,2025,4,2025-12-01,17.52
Cádiz,21,2025,3,2025-09-01,17.94
Cádiz,20,2025,2,2025-06-01,17.95
Cádiz,19,2025,1,2025-03-01,21.49
Cádiz,22,2024,4,2024-12-01,20.97
Cádiz,21,2024,3,2024-09-01,18.13
Cádiz,20,2024,2,2024-06-01,20.6
Cádiz,19,2024,1,2024-03-01,24.19
Cádiz,22,2023,4,2023-12-01,20.74
Cádiz,21,2023,3,2023-09-01,21.37
Cádiz,20,2023,2,2023-06-01,21.93
Cádiz,19,2023,1,2023-03-01,24.98
Cádiz,22,2022,4,2022-12-01,25
Cádiz,21,2022,3,2022-09-01,20.96
Cádiz,20,2022,2,2022-06-01,21.7
Cádiz,19,2022,1,2022-03-01,26.21
Cádiz,22,2021,4,2021-12-01,25.92
Cádiz,21,2021,3,2021-09-01,23.51
Cádiz,20,2021,2,2021-06-01,25.95
Cádiz,19,2021,1,2021-03-01,27.79
Cantabria,22,2025,4,2025-12-01,6.77
Cantabria,21,2025,3,2025-09-01,7.62
Cantabria,20,2025,2,2025-06-01,7.1
Cantabria,19,2025,1,2025-03-01,7.86
Cantabria,22,2024,4,2024-12-01,8.23
Cantabria,21,2024,3,2024-09-01,7.17
Cantabria,20,2024,2,2024-06-01,8.46
Cantabria,19,2024,1,2024-03-01,7.53
Cantabria,22,2023,4,2023-12-01,7.39
Cantabria,21,2023,3,2023-09-01,7.7
Cantabria,20,2023,2,2023-06-01,8.02
Cantabria,19,2023,1,2023-03-01,9.46
Cantabria,22,2022,4,2022-12-01,10.53
Cantabria,21,2022,3,2022-09-01,8.62
Cantabria,20,2022,2,2022-06-01,8.32
Cantabria,19,2022,1,2022-03-01,10.83
Cantabria,22,2021,4,2021-12-01,11.58
Cantabria,21,2021,3,2021-09-01,9.74
Cantabria,20,2021,2,2021-06-01,12.15
Cantabria,19,2021,1,2021-03-01,11.59
Castellón/Castelló,22,2025,4,2025-12-01,9.71
Castellón/Castelló,21,2025,3,2025-09-01,11.59
Castellón/Castelló,20,2025,2,2025-06-01,11.85
Castellón/Castelló,19,2025,1,2025-03-01,11.32
Castellón/Castelló,22,2024,4,2024-12-01,12.84
Castellón/Castelló,21,2024,3,2024-09-01,13.06
Castellón/Castelló,20,2024,2,2024-06-01,12.36
Castellón/Castelló,19,2024,1,2024-03-01,16.35
Castellón/Castelló,22,2023,4,2023-12-01,15
Castellón/Castelló,21,2023,3,2023-09-01,14.67
Castellón/Castelló,20,2023,2,2023-06-01,14.85
Castellón/Castelló,19,2023,1,2023-03-01,14.51
Castellón/Castelló,22,2022,4,2022-12-01,14.16
Castellón/Castelló,21,2022,3,2022-09-01,11.93
Castellón/Castelló,20,2022,2,2022-06-01,10.51
Castellón/Castelló,19,2022,1,2022-03-01,12.15
Castellón/Castelló,22,2021,4,2021-12-01,11.2
Castellón/Castelló,21,2021,3,2021-09-01,12.84
Castellón/Castelló,20,2021,2,2021-06-01,15.3
Castellón/Castelló,19,2021,1,2021-03-01,15.95
Ciudad Real,22,2025,4,2025-12-01,12.09
Ciudad Real,21,2025,3,2025-09-01,15.69
Ciudad Real,20,2025,2,2025-06-01,16.89
Ciudad Real,19,2025,1,2025-03-01,16.27
Ciudad Real,22,2024,4,2024-12-01,15.62
Ciudad Real,21,2024,3,2024-09-01,16.6
Ciudad Real,20,2024,2,2024-06-01,17.84
Ciudad Real,19,2024,1,2024-03-01,17.63
Ciudad Real,22,2023,4,2023-12-01,15.78
Ciudad Real,21,2023,3,2023-09-01,15.67
Ciudad Real,20,2023,2,2023-06-01,15.49
Ciudad Real,19,2023,1,2023-03-01,18.96
Ciudad Real,22,2022,4,2022-12-01,21.54
Ciudad Real,21,2022,3,2022-09-01,20.19
Ciudad Real,20,2022,2,2022-06-01,17.22
Ciudad Real,19,2022,1,2022-03-01,18.47
Ciudad Real,22,2021,4,2021-12-01,16.24
Ciudad Real,21,2021,3,2021-09-01,16.16
Ciudad Real,20,2021,2,2021-06-01,18.38
Ciudad Real,19,2021,1,2021-03-01,20.15
Córdoba,22,2025,4,2025-12-01,17.04
Córdoba,21,2025,3,2025-09-01,18.25
Córdoba,20,2025,2,2025-06-01,16.59
Córdoba,19,2025,1,2025-03-01,17.32
Córdoba,22,2024,4,2024-12-01,17.18
Córdoba,21,2024,3,2024-09-01,17.08
Córdoba,20,2024,2,2024-06-01,17.54
Córdoba,19,2024,1,2024-03-01,14.67
Córdoba,22,2023,4,2023-12-01,15.5
Córdoba,21,2023,3,2023-09-01,18.04
Córdoba,20,2023,2,2023-06-01,22.07
Córdoba,19,2023,1,2023-03-01,18.02
Córdoba,22,2022,4,2022-12-01,17.88
Córdoba,21,2022,3,2022-09-01,22.23
Córdoba,20,2022,2,2022-06-01,20.72
Córdoba,19,2022,1,2022-03-01,16.84
Córdoba,22,2021,4,2021-12-01,17.46
Córdoba,21,2021,3,2021-09-01,23.44
Córdoba,20,2021,2,2021-06-01,23.1
Córdoba,19,2021,1,2021-03-01,20.21
"Coruña, A",22,2025,4,2025-12-01,7.53
"Coruña, A",21,2025,3,2025-09-01,6.81
"Coruña, A",20,2025,2,2025-06-01,7.16
"Coruña, A",19,2025,1,2025-03-01,7.35
"Coruña, A",22,2024,4,2024-12-01,7.26
"Coruña, A",21,2024,3,2024-09-01,7.77
"Coruña, A",20,2024,2,2024-06-01,7.74
"Coruña, A",19,2024,1,2024-03-01,9.15
"Coruña, A",22,2023,4,2023-12-01,8.44
"Coruña, A",21,2023,3,2023-09-01,8.39
"Coruña, A",20,2023,2,2023-06-01,8.93
"Coruña, A",19,2023,1,2023-03-01,10.65
"Coruña, A",22,2022,4,2022-12-01,10.05
"Coruña, A",21,2022,3,2022-09-01,9.51
"Coruña, A",20,2022,2,2022-06-01,10.97
"Coruña, A",19,2022,1,2022-03-01,9.87
"Coruña, A",22,2021,4,2021-12-01,10.34
"Coruña, A",21,2021,3,2021-09-01,8.34
"Coruña, A",20,2021,2,2021-06-01,11.18
"Coruña, A",19,2021,1,2021-03-01,12.54
Cuenca,22,2025,4,2025-12-01,14
Cuenca,21,2025,3,2025-09-01,9.91
Cuenca,20,2025,2,2025-06-01,9.25
Cuenca,19,2025,1,2025-03-01,8.51
Cuenca,22,2024,4,2024-12-01,6.29
Cuenca,21,2024,3,2024-09-01,9.62
Cuenca,20,2024,2,2024-06-01,11.33
Cuenca,19,2024,1,2024-03-01,14.74
Cuenca,22,2023,4,2023-12-01,11.3
Cuenca,21,2023,3,2023-09-01,10
Cuenca,20,2023,2,2023-06-01,12.21
Cuenca,19,2023,1,2023-03-01,12.12
Cuenca,22,2022,4,2022-12-01,8.03
Cuenca,21,2022,3,2022-09-01,9.15
Cuenca,20,2022,2,2022-06-01,10.68
Cuenca,19,2022,1,2022-03-01,10.57
Cuenca,22,2021,4,2021-12-01,9.42
Cuenca,21,2021,3,2021-09-01,11.72
Cuenca,20,2021,2,2021-06-01,13.4
Cuenca,19,2021,1,2021-03-01,13.89
Gipuzkoa,22,2025,4,2025-12-01,6.39
Gipuzkoa,21,2025,3,2025-09-01,6.3
Gipuzkoa,20,2025,2,2025-06-01,7.33
Gipuzkoa,19,2025,1,2025-03-01,6.55
Gipuzkoa,22,2024,4,2024-12-01,4.67
Gipuzkoa,21,2024,3,2024-09-01,5.85
Gipuzkoa,20,2024,2,2024-06-01,6.75
Gipuzkoa,19,2024,1,2024-03-01,8.16
Gipuzkoa,22,2023,4,2023-12-01,6.41
Gipuzkoa,21,2023,3,2023-09-01,8.68
Gipuzkoa,20,2023,2,2023-06-01,6.63
Gipuzkoa,19,2023,1,2023-03-01,8.14
Gipuzkoa,22,2022,4,2022-12-01,9.38
Gipuzkoa,21,2022,3,2022-09-01,6.71
Gipuzkoa,20,2022,2,2022-06-01,7.82
Gipuzkoa,19,2022,1,2022-03-01,7.57
Gipuzkoa,22,2021,4,2021-12-01,7.42
Gipuzkoa,21,2021,3,2021-09-01,9.55
Gipuzkoa,20,2021,2,2021-06-01,7.82
Gipuzkoa,19,2021,1,2021-03-01,9.67
Girona,22,2025,4,2025-12-01,10.13
Girona,21,2025,3,2025-09-01,6.08
Girona,20,2025,2,2025-06-01,7.71
Girona,19,2025,1,2025-03-01,9.57
Girona,22,2024,4,2024-12-01,7.72
Girona,21,2024,3,2024-09-01,7.63
Girona,20,2024,2,2024-06-01,10.05
Girona,19,2024,1,2024-03-01,12.47
Girona,22,2023,4,2023-12-01,9.29
Girona,21,2023,3,2023-09-01,9.28
Girona,20,2023,2,2023-06-01,9.73
Girona,19,2023,1,2023-03-01,11.53
Girona,22,2022,4,2022-12-01,8.98
Girona,21,2022,3,2022-09-01,7.68
Girona,20,2022,2,2022-06-01,8.65
Girona,19,2022,1,2022-03-01,10.52
Girona,22,2021,4,2021-12-01,11.2
Girona,21,2021,3,2021-09-01,11.21
Girona,20,2021,2,2021-06-01,14.49
Girona,19,2021,1,2021-03-01,15
Granada,22,2025,4,2025-12-01,17.3
Granada,21,2025,3,2025-09-01,19.01
Granada,20,2025,2,2025-06-01,18.05
Granada,19,2025,1,2025-03-01,19.64
Granada,22,2024,4,2024-12-01,19.99
Granada,21,2024,3,2024-09-01,22.14
Granada,20,2024,2,2024-06-01,21.2
Granada,19,2024,1,2024-03-01,22.41
Granada,22,2023,4,2023-12-01,21.6
Granada,21,2023,3,2023-09-01,21.71
Granada,20,2023,2,2023-06-01,18.48
Granada,19,2023,1,2023-03-01,20.24
Granada,22,2022,4,2022-12-01,19.66
Granada,21,2022,3,2022-09-01,22.59
Granada,20,2022,2,2022-06-01,22.27
Granada,19,2022,1,2022-03-01,19.31
Granada,22,2021,4,2021-12-01,20.58
Granada,21,2021,3,2021-09-01,22.57
Granada,20,2021,2,2021-06-01,23.41
Granada,19,2021,1,2021-03-01,23.96
Guadalajara,22,2025,4,2025-12-01,10.62
Guadalajara,21,2025,3,2025-09-01,11.62
Guadalajara,20,2025,2,2025-06-01,9.06
Guadalajara,19,2025,1,2025-03-01,10.69
Guadalajara,22,2024,4,2024-12-01,10.58
Guadalajara,21,2024,3,2024-09-01,9.24
Guadalajara,20,2024,2,2024-06-01,12.28
Guadalajara,19,2024,1,2024-03-01,11.4
Guadalajara,22,2023,4,2023-12-01,9.05
Guadalajara,21,2023,3,2023-09-01,11.24
Guadalajara,20,2023,2,2023-06-01,9.23
Guadalajara,19,2023,1,2023-03-01,9.94
Guadalajara,22,2022,4,2022-12-01,10.84
Guadalajara,21,2022,3,2022-09-01,12.17
Guadalajara,20,2022,2,2022-06-01,11.64
Guadalajara,19,2022,1,2022-03-01,10.04
Guadalajara,22,2021,4,2021-12-01,11.22
Guadalajara,21,2021,3,2021-09-01,10.99
Guadalajara,20,2021,2,2021-06-01,14.64
Guadalajara,19,2021,1,2021-03-01,14.14
Huelva,22,2025,4,2025-12-01,15.6
Huelva,21,2025,3,2025-09-01,11.23
Huelva,20,2025,2,2025-06-01,9.94
Huelva,19,2025,1,2025-03-01,15.88
Huelva,22,2024,4,2024-12-01,16.55
Huelva,21,2024,3,2024-09-01,14.44
Huelva,20,2024,2,2024-06-01,12.16
Huelva,19,2024,1,2024-03-01,17.35
Huelva,22,2023,4,2023-12-01,20.17
Huelva,21,2023,3,2023-09-01,19.7
Huelva,20,2023,2,2023-06-01,15.12
Huelva,19,2023,1,2023-03-01,18.32
Huelva,22,2022,4,2022-12-01,21.7
Huelva,21,2022,3,2022-09-01,17.45
Huelva,20,2022,2,2022-06-01,12.27
Huelva,19,2022,1,2022-03-01,18.56
Huelva,22,2021,4,2021-12-01,20.04
Huelva,21,2021,3,2021-09-01,27.33
Huelva,20,2021,2,2021-06-01,13.59
Huelva,19,2021,1,2021-03-01,20.55
Huesca,22,2025,4,2025-12-01,4.69
Huesca,21,2025,3,2025-09-01,6.46
Huesca,20,2025,2,2025-06-01,7.36
Huesca,19,2025,1,2025-03-01,8.22
Huesca,22,2024,4,2024-12-01,8.91
Huesca,21,2024,3,2024-09-01,7
Huesca,20,2024,2,2024-06-01,10.27
Huesca,19,2024,1,2024-03-01,10.34
Huesca,22,2023,4,2023-12-01,11.42
Huesca,21,2023,3,2023-09-01,6.36
Huesca,20,2023,2,2023-06-01,8.12
Huesca,19,2023,1,2023-03-01,7.89
Huesca,22,2022,4,2022-12-01,9.1
Huesca,21,2022,3,2022-09-01,10.54
Huesca,20,2022,2,2022-06-01,11.28
Huesca,19,2022,1,2022-03-01,6.76
Huesca,22,2021,4,2021-12-01,7.33
Huesca,21,2021,3,2021-09-01,7.32
Huesca,20,2021,2,2021-06-01,6.73
Huesca,19,2021,1,2021-03-01,9.09
Jaén,22,2025,4,2025-12-01,15.04
Jaén,21,2025,3,2025-09-01,16.85
Jaén,20,2025,2,2025-06-01,16.44
Jaén,19,2025,1,2025-03-01,15.28
Jaén,22,2024,4,2024-12-01,17.38
Jaén,21,2024,3,2024-09-01,21.91
Jaén,20,2024,2,2024-06-01,21.3
Jaén,19,2024,1,2024-03-01,16.75
Jaén,22,2023,4,2023-12-01,19.14
Jaén,21,2023,3,2023-09-01,23.55
Jaén,20,2023,2,2023-06-01,17.18
Jaén,19,2023,1,2023-03-01,14.02
Jaén,22,2022,4,2022-12-01,18.05
Jaén,21,2022,3,2022-09-01,19.38
Jaén,20,2022,2,2022-06-01,19.73
Jaén,19,2022,1,2022-03-01,18.74
Jaén,22,2021,4,2021-12-01,20.52
Jaén,21,2021,3,2021-09-01,23.02
Jaén,20,2021,2,2021-06-01,24.45
Jaén,19,2021,1,2021-03-01,20.37
León,22,2025,4,2025-12-01,9.48
León,21,2025,3,2025-09-01,10.95
León,20,2025,2,2025-06-01,9.18
León,19,2025,1,2025-03-01,11.01
León,22,2024,4,2024-12-01,7.82
León,21,2024,3,2024-09-01,11.09
León,20,2024,2,2024-06-01,10.58
León,19,2024,1,2024-03-01,8.96
León,22,2023,4,2023-12-01,10.09
León,21,2023,3,2023-09-01,10.4
León,20,2023,2,2023-06-01,9.04
León,19,2023,1,2023-03-01,11
León,22,2022,4,2022-12-01,8.42
León,21,2022,3,2022-09-01,10.13
León,20,2022,2,2022-06-01,10.86
León,19,2022,1,2022-03-01,13.11
León,22,2021,4,2021-12-01,12.34
León,21,2021,3,2021-09-01,10.67
León,20,2021,2,2021-06-01,16.36
León,19,2021,1,2021-03-01,15.12
Lleida,22,2025,4,2025-12-01,5.73
Lleida,21,2025,3,2025-09-01,6.29
Lleida,20,2025,2,2025-06-01,5.17
Lleida,19,2025,1,2025-03-01,3.61
Lleida,22,2024,4,2024-12-01,5.13
Lleida,21,2024,3,2024-09-01,6.97
Lleida,20,2024,2,2024-06-01,6.72
Lleida,19,2024,1,2024-03-01,7.72
Lleida,22,2023,4,2023-12-01,5.34
Lleida,21,2023,3,2023-09-01,8.09
Lleida,20,2023,2,2023-06-01,7.85
Lleida,19,2023,1,2023-03-01,9.09
Lleida,22,2022,4,2022-12-01,10.21
Lleida,21,2022,3,2022-09-01,11.38
Lleida,20,2022,2,2022-06-01,11.41
Lleida,19,2022,1,2022-03-01,6.98
Lleida,22,2021,4,2021-12-01,11.25
Lleida,21,2021,3,2021-09-01,11.31
Lleida,20,2021,2,2021-06-01,10.03
Lleida,19,2021,1,2021-03-01,12.28
Lugo,22,2025,4,2025-12-01,7.25
Lugo,21,2025,3,2025-09-01,4.72
Lugo,20,2025,2,2025-06-01,5.52
Lugo,19,2025,1,2025-03-01,7.8
Lugo,22,2024,4,2024-12-01,6.99
Lugo,21,2024,3,2024-09-01,6.66
Lugo,20,2024,2,2024-06-01,7.64
Lugo,19,2024,1,2024-03-01,7.07
Lugo,22,2023,4,2023-12-01,7.09
Lugo,21,2023,3,2023-09-01,9.34
Lugo,20,2023,2,2023-06-01,7.86
Lugo,19,2023,1,2023-03-01,8.59
Lugo,22,2022,4,2022-12-01,8.76
Lugo,21,2022,3,2022-09-01,8.29
Lugo,20,2022,2,2022-06-01,8.92
Lugo,19,2022,1,2022-03-01,10.53
Lugo,22,2021,4,2021-12-01,8.89
Lugo,21,2021,3,2021-09-01,8.26
Lugo,20,2021,2,2021-06-01,9.66
Lugo,19,2021,1,2021-03-01,8.68
Madrid,22,2025,4,2025-12-01,7.04
Madrid,21,2025,3,2025-09-01,7.98
Madrid,20,2025,2,2025-06-01,7.74
Madrid,19,2025,1,2025-03-01,9.11
Madrid,22,2024,4,2024-12-01,8.58
Madrid,21,2024,3,2024-09-01,9.65
Madrid,20,2024,2,2024-06-01,8.48
Madrid,19,2024,1,2024-03-01,9.19
Madrid,22,2023,4,2023-12-01,9.64
Madrid,21,2023,3,2023-09-01,10.24
Madrid,20,2023,2,2023-06-01,9.11
Madrid,19,2023,1,2023-03-01,10.83
Madrid,22,2022,4,2022-12-01,11.33
Madrid,21,2022,3,2022-09-01,11.11
Madrid,20,2022,2,2022-06-01,10.7
Madrid,19,2022,1,2022-03-01,11.72
Madrid,22,2021,4,2021-12-01,10.18
Madrid,21,2021,3,2021-09-01,12.13
Madrid,20,2021,2,2021-06-01,12.2
Madrid,19,2021,1,2021-03-01,12.24
Málaga,22,2025,4,2025-12-01,11.71
Málaga,21,2025,3,2025-09-01,12.28
Málaga,20,2025,2,2025-06-01,13.15
Málaga,19,2025,1,2025-03-01,14.79
Málaga,22,2024,4,2024-12-01,12.76
Málaga,21,2024,3,2024-09-01,12.06
Málaga,20,2024,2,2024-06-01,12.59
Málaga,19,2024,1,2024-03-01,16.83
Málaga,22,2023,4,2023-12-01,16.4
Málaga,21,2023,3,2023-09-01,16.12
Málaga,20,2023,2,2023-06-01,16.04
Málaga,19,2023,1,2023-03-01,18.73
Málaga,22,2022,4,2022-12-01,19.39
Málaga,21,2022,3,2022-09-01,16.06
Málaga,20,2022,2,2022-06-01,18.01
Málaga,19,2022,1,2022-03-01,20.31
Málaga,22,2021,4,2021-12-01,19.98
Málaga,21,2021,3,2021-09-01,19.95
Málaga,20,2021,2,2021-06-01,19.1
Málaga,19,2021,1,2021-03-01,22.68
Murcia,22,2025,4,2025-12-01,11.06
Murcia,21,2025,3,2025-09-01,12.91
Murcia,20,2025,2,2025-06-01,11.61
Murcia,19,2025,1,2025-03-01,12.83
Murcia,22,2024,4,2024-12-01,13.4
Murcia,21,2024,3,2024-09-01,11.95
Murcia,20,2024,2,2024-06-01,12.63
Murcia,19,2024,1,2024-03-01,12.95
Murcia,22,2023,4,2023-12-01,11.46
Murcia,21,2023,3,2023-09-01,13.53
Murcia,20,2023,2,2023-06-01,12.46
Murcia,19,2023,1,2023-03-01,13.65
Murcia,22,2022,4,2022-12-01,13.01
Murcia,21,2022,3,2022-09-01,15.16
Murcia,20,2022,2,2022-06-01,12.53
Murcia,19,2022,1,2022-03-01,13.64
Murcia,22,2021,4,2021-12-01,13.19
Murcia,21,2021,3,2021-09-01,15.2
Murcia,20,2021,2,2021-06-01,13.62
Murcia,19,2021,1,2021-03-01,16.88
Navarra,22,2025,4,2025-12-01,8.1
Navarra,21,2025,3,2025-09-01,7.29
Navarra,20,2025,2,2025-06-01,7.88
Navarra,19,2025,1,2025-03-01,7.49
Navarra,22,2024,4,2024-12-01,6.6
Navarra,21,2024,3,2024-09-01,7.72
Navarra,20,2024,2,2024-06-01,7.42
Navarra,19,2024,1,2024-03-01,8.82
Navarra,22,2023,4,2023-12-01,9.25
Navarra,21,2023,3,2023-09-01,9.43
Navarra,20,2023,2,2023-06-01,8.88
Navarra,19,2023,1,2023-03-01,12.22
Navarra,22,2022,4,2022-12-01,10.17
Navarra,21,2022,3,2022-09-01,8.82
Navarra,20,2022,2,2022-06-01,9.09
Navarra,19,2022,1,2022-03-01,10.86
Navarra,22,2021,4,2021-12-01,9.95
Navarra,21,2021,3,2021-09-01,11.03
Navarra,20,2021,2,2021-06-01,10.36
Navarra,19,2021,1,2021-03-01,11.51
Ourense,22,2025,4,2025-12-01,8.03
Ourense,21,2025,3,2025-09-01,8.76
Ourense,20,2025,2,2025-06-01,9.85
Ourense,19,2025,1,2025-03-01,11.28
Ourense,22,2024,4,2024-12-01,11.75
Ourense,21,2024,3,2024-09-01,10.54
Ourense,20,2024,2,2024-06-01,11.17
Ourense,19,2024,1,2024-03-01,10.46
Ourense,22,2023,4,2023-12-01,9.57
Ourense,21,2023,3,2023-09-01,8.43
Ourense,20,2023,2,2023-06-01,8.98
Ourense,19,2023,1,2023-03-01,11.3
Ourense,22,2022,4,2022-12-01,11.78
Ourense,21,2022,3,2022-09-01,11.84
Ourense,20,2022,2,2022-06-01,10.68
Ourense,19,2022,1,2022-03-01,11.65
Ourense,22,2021,4,2021-12-01,10.08
Ourense,21,2021,3,2021-09-01,9.67
Ourense,20,2021,2,2021-06-01,12.45
Ourense,19,2021,1,2021-03-01,11.59
Palencia,22,2025,4,2025-12-01,7.83
Palencia,21,2025,3,2025-09-01,7.23
Palencia,20,2025,2,2025-06-01,6.3
Palencia,19,2025,1,2025-03-01,9.08
Palencia,22,2024,4,2024-12-01,6.83
Palencia,21,2024,3,2024-09-01,5.92
Palencia,20,2024,2,2024-06-01,7.14
Palencia,19,2024,1,2024-03-01,8.11
Palencia,22,2023,4,2023-12-01,7.23
Palencia,21,2023,3,2023-09-01,6.92
Palencia,20,2023,2,2023-06-01,9.03
Palencia,19,2023,1,2023-03-01,11.76
Palencia,22,2022,4,2022-12-01,8.72
Palencia,21,2022,3,2022-09-01,7.98
Palencia,20,2022,2,2022-06-01,10.66
Palencia,19,2022,1,2022-03-01,10.67
Palencia,22,2021,4,2021-12-01,10.21
Palencia,21,2021,3,2021-09-01,8.65
Palencia,20,2021,2,2021-06-01,9.87
Palencia,19,2021,1,2021-03-01,11.24
"Palmas, Las",22,2025,4,2025-12-01,13.23
"Palmas, Las",21,2025,3,2025-09-01,16.05
"Palmas, Las",20,2025,2,2025-06-01,15.26
"Palmas, Las",19,2025,1,2025-03-01,14.28
"Palmas, Las",22,2024,4,2024-12-01,12.02
"Palmas, Las",21,2024,3,2024-09-01,14.96
"Palmas, Las",20,2024,2,2024-06-01,13.64
"Palmas, Las",19,2024,1,2024-03-01,15.44
"Palmas, Las",22,2023,4,2023-12-01,15.28
"Palmas, Las",21,2023,3,2023-09-01,14.48
"Palmas, Las",20,2023,2,2023-06-01,14.86
"Palmas, Las",19,2023,1,2023-03-01,15.57
"Palmas, Las",22,2022,4,2022-12-01,13.46
"Palmas, Las",21,2022,3,2022-09-01,17.55
"Palmas, Las",20,2022,2,2022-06-01,17.56
"Palmas, Las",19,2022,1,2022-03-01,20.71
"Palmas, Las",22,2021,4,2021-12-01,18.38
"Palmas, Las",21,2021,3,2021-09-01,25.05
"Palmas, Las",20,2021,2,2021-06-01,24.55
"Palmas, Las",19,2021,1,2021-03-01,26.24
Pontevedra,22,2025,4,2025-12-01,9.51
Pontevedra,21,2025,3,2025-09-01,10.17
Pontevedra,20,2025,2,2025-06-01,10.22
Pontevedra,19,2025,1,2025-03-01,10.12
Pontevedra,22,2024,4,2024-12-01,9.94
Pontevedra,21,2024,3,2024-09-01,10.29
Pontevedra,20,2024,2,2024-06-01,11.78
Pontevedra,19,2024,1,2024-03-01,13.1
Pontevedra,22,2023,4,2023-12-01,10.65
Pontevedra,21,2023,3,2023-09-01,10.9
Pontevedra,20,2023,2,2023-06-01,10.55
Pontevedra,19,2023,1,2023-03-01,11.87
Pontevedra,22,2022,4,2022-12-01,11.66
Pontevedra,21,2022,3,2022-09-01,13.18
Pontevedra,20,2022,2,2022-06-01,12.27
Pontevedra,19,2022,1,2022-03-01,13.52
Pontevedra,22,2021,4,2021-12-01,12.6
Pontevedra,21,2021,3,2021-09-01,13.04
Pontevedra,20,2021,2,2021-06-01,14.37
Pontevedra,19,2021,1,2021-03-01,14.98
"Rioja, La",22,2025,4,2025-12-01,8
"Rioja, La",21,2025,3,2025-09-01,7.71
"Rioja, La",20,2025,2,2025-06-01,7.92
"Rioja, La",19,2025,1,2025-03-01,8.84
"Rioja, La",22,2024,4,2024-12-01,8.58
"Rioja, La",21,2024,3,2024-09-01,10.22
"Rioja, La",20,2024,2,2024-06-01,9.14
"Rioja, La",19,2024,1,2024-03-01,11.04
"Rioja, La",22,2023,4,2023-12-01,9.71
"Rioja, La",21,2023,3,2023-09-01,9.78
"Rioja, La",20,2023,2,2023-06-01,7.75
"Rioja, La",19,2023,1,2023-03-01,10.26
"Rioja, La",22,2022,4,2022-12-01,8.52
"Rioja, La",21,2022,3,2022-09-01,7.93
"Rioja, La",20,2022,2,2022-06-01,10.42
"Rioja, La",19,2022,1,2022-03-01,11.33
"Rioja, La",22,2021,4,2021-12-01,10.53
"Rioja, La",21,2021,3,2021-09-01,12.38
"Rioja, La",20,2021,2,2021-06-01,11.49
"Rioja, La",19,2021,1,2021-03-01,12.02
Salamanca,22,2025,4,2025-12-01,8.06
Salamanca,21,2025,3,2025-09-01,7.82
Salamanca,20,2025,2,2025-06-01,8.79
Salamanca,19,2025,1,2025-03-01,7.24
Salamanca,22,2024,4,2024-12-01,10.97
Salamanca,21,2024,3,2024-09-01,11.87
Salamanca,20,2024,2,2024-06-01,12.11
Salamanca,19,2024,1,2024-03-01,12.44
Salamanca,22,2023,4,2023-12-01,10.83
Salamanca,21,2023,3,2023-09-01,11.76
Salamanca,20,2023,2,2023-06-01,10.18
Salamanca,19,2023,1,2023-03-01,10.51
Salamanca,22,2022,4,2022-12-01,11.04
Salamanca,21,2022,3,2022-09-01,11.31
Salamanca,20,2022,2,2022-06-01,10.24
Salamanca,19,2022,1,2022-03-01,12.3
Salamanca,22,2021,4,2021-12-01,11.53
Salamanca,21,2021,3,2021-09-01,11.96
Salamanca,20,2021,2,2021-06-01,12.93
Salamanca,19,2021,1,2021-03-01,16.93
Santa Cruz de Tenerife,22,2025,4,2025-12-01,11.96
Santa Cruz de Tenerife,21,2025,3,2025-09-01,12.97
Santa Cruz de Tenerife,20,2025,2,2025-06-01,11.19
Santa Cruz de Tenerife,19,2025,1,2025-03-01,12.68
Santa Cruz de Tenerife,22,2024,4,2024-12-01,11.78
Santa Cruz de Tenerife,21,2024,3,2024-09-01,13.78
Santa Cruz de Tenerife,20,2024,2,2024-06-01,14.1
Santa Cruz de Tenerife,19,2024,1,2024-03-01,14.26
Santa Cruz de Tenerife,22,2023,4,2023-12-01,16.91
Santa Cruz de Tenerife,21,2023,3,2023-09-01,15.68
Santa Cruz de Tenerife,20,2023,2,2023-06-01,16.53
Santa Cruz de Tenerife,19,2023,1,2023-03-01,19.85
Santa Cruz de Tenerife,22,2022,4,2022-12-01,16.48
Santa Cruz de Tenerife,21,2022,3,2022-09-01,17.42
Santa Cruz de Tenerife,20,2022,2,2022-06-01,18.34
Santa Cruz de Tenerife,19,2022,1,2022-03-01,19.78
Santa Cruz de Tenerife,22,2021,4,2021-12-01,20.17
Santa Cruz de Tenerife,21,2021,3,2021-09-01,23.86
Santa Cruz de Tenerife,20,2021,2,2021-06-01,25.02
Santa Cruz de Tenerife,19,2021,1,2021-03-01,24.88
Segovia,22,2025,4,2025-12-01,7
Segovia,21,2025,3,2025-09-01,5.46
Segovia,20,2025,2,2025-06-01,6.42
Segovia,19,2025,1,2025-03-01,4.76
Segovia,22,2024,4,2024-12-01,6.79
Segovia,21,2024,3,2024-09-01,5.56
Segovia,20,2024,2,2024-06-01,7.49
Segovia,19,2024,1,2024-03-01,6.93
Segovia,22,2023,4,2023-12-01,8.19
Segovia,21,2023,3,2023-09-01,10.32
Segovia,20,2023,2,2023-06-01,6.43
Segovia,19,2023,1,2023-03-01,7.32
Segovia,22,2022,4,2022-12-01,7.12
Segovia,21,2022,3,2022-09-01,9.82
Segovia,20,2022,2,2022-06-01,7.48
Segovia,19,2022,1,2022-03-01,8.67
Segovia,22,2021,4,2021-12-01,9.14
Segovia,21,2021,3,2021-09-01,7.79
Segovia,20,2021,2,2021-06-01,10.73
Segovia,19,2021,1,2021-03-01,9.78
Sevilla,22,2025,4,2025-12-01,13.2
Sevilla,21,2025,3,2025-09-01,14.41
Sevilla,20,2025,2,2025-06-01,13.89
Sevilla,19,2025,1,2025-03-01,13.96
Sevilla,22,2024,4,2024-12-01,12.49
Sevilla,21,2024,3,2024-09-01,13.84
Sevilla,20,2024,2,2024-06-01,14.63
Sevilla,19,2024,1,2024-03-01,14.85
Sevilla,22,2023,4,2023-12-01,15.79
Sevilla,21,2023,3,2023-09-01,16.29
Sevilla,20,2023,2,2023-06-01,18.01
Sevilla,19,2023,1,2023-03-01,16.84
Sevilla,22,2022,4,2022-12-01,16.03
Sevilla,21,2022,3,2022-09-01,17.61
Sevilla,20,2022,2,2022-06-01,17.92
Sevilla,19,2022,1,2022-03-01,17.99
Sevilla,22,2021,4,2021-12-01,19.98
Sevilla,21,2021,3,2021-09-01,23.13
Sevilla,20,2021,2,2021-06-01,21.5
Sevilla,19,2021,1,2021-03-01,23.57
Soria,22,2025,4,2025-12-01,8.45
Soria,21,2025,3,2025-09-01,8.54
Soria,20,2025,2,2025-06-01,6.23
Soria,19,2025,1,2025-03-01,7.69
Soria,22,2024,4,2024-12-01,5.37
Soria,21,2024,3,2024-09-01,5.77
Soria,20,2024,2,2024-06-01,4.15
Soria,19,2024,1,2024-03-01,10.07
Soria,22,2023,4,2023-12-01,5.14
Soria,21,2023,3,2023-09-01,7.46
Soria,20,2023,2,2023-06-01,7.65
Soria,19,2023,1,2023-03-01,10.89
Soria,22,2022,4,2022-12-01,7.96
Soria,21,2022,3,2022-09-01,7.65
Soria,20,2022,2,2022-06-01,7.61
Soria,19,2022,1,2022-03-01,9.18
Soria,22,2021,4,2021-12-01,7.73
Soria,21,2021,3,2021-09-01,6.66
Soria,20,2021,2,2021-06-01,11.78
Soria,19,2021,1,2021-03-01,10.64
Tarragona,22,2025,4,2025-12-01,10
Tarragona,21,2025,3,2025-09-01,10.63
Tarragona,20,2025,2,2025-06-01,11.43
Tarragona,19,2025,1,2025-03-01,12.87
Tarragona,22,2024,4,2024-12-01,12.67
Tarragona,21,2024,3,2024-09-01,11.28
Tarragona,20,2024,2,2024-06-01,13.44
Tarragona,19,2024,1,2024-03-01,13.4
Tarragona,22,2023,4,2023-12-01,14.88
Tarragona,21,2023,3,2023-09-01,10.38
Tarragona,20,2023,2,2023-06-01,8.06
Tarragona,19,2023,1,2023-03-01,11.78
Tarragona,22,2022,4,2022-12-01,10.14
Tarragona,21,2022,3,2022-09-01,11.27
Tarragona,20,2022,2,2022-06-01,11.18
Tarragona,19,2022,1,2022-03-01,12.99
Tarragona,22,2021,4,2021-12-01,13.08
Tarragona,21,2021,3,2021-09-01,11.86
Tarragona,20,2021,2,2021-06-01,12.87
Tarragona,19,2021,1,2021-03-01,15.64
Teruel,22,2025,4,2025-12-01,7.4
Teruel,21,2025,3,2025-09-01,8.62
Teruel,20,2025,2,2025-06-01,6.63
Teruel,19,2025,1,2025-03-01,7.87
Teruel,22,2024,4,2024-12-01,8.47
Teruel,21,2024,3,2024-09-01,5.74
Teruel,20,2024,2,2024-06-01,8.22
Teruel,19,2024,1,2024-03-01,6.36
Teruel,22,2023,4,2023-12-01,9.39
Teruel,21,2023,3,2023-09-01,8.26
Teruel,20,2023,2,2023-06-01,8.77
Teruel,19,2023,1,2023-03-01,11.15
Teruel,22,2022,4,2022-12-01,9.68
Teruel,21,2022,3,2022-09-01,6.4
Teruel,20,2022,2,2022-06-01,9.62
Teruel,19,2022,1,2022-03-01,10.06
Teruel,22,2021,4,2021-12-01,7.08
Teruel,21,2021,3,2021-09-01,7.19
Teruel,20,2021,2,2021-06-01,8.76
Teruel,19,2021,1,2021-03-01,10.51
Toledo,22,2025,4,2025-12-01,13.08
Toledo,21,2025,3,2025-09-01,12.49
Toledo,20,2025,2,2025-06-01,14.38
Toledo,19,2025,1,2025-03-01,14.15
Toledo,22,2024,4,2024-12-01,11.71
Toledo,21,2024,3,2024-09-01,13.54
Toledo,20,2024,2,2024-06-01,14.45
Toledo,19,2024,1,2024-03-01,15.78
Toledo,22,2023,4,2023-12-01,11.89
Toledo,21,2023,3,2023-09-01,11.99
Toledo,20,2023,2,2023-06-01,13.62
Toledo,19,2023,1,2023-03-01,17.06
Toledo,22,2022,4,2022-12-01,15.75
Toledo,21,2022,3,2022-09-01,15.99
Toledo,20,2022,2,2022-06-01,15.69
Toledo,19,2022,1,2022-03-01,13.31
Toledo,22,2021,4,2021-12-01,13.87
Toledo,21,2021,3,2021-09-01,16.79
Toledo,20,2021,2,2021-06-01,18.28
Toledo,19,2021,1,2021-03-01,16.71
Valencia/València,22,2025,4,2025-12-01,10.62
Valencia/València,21,2025,3,2025-09-01,11.52
Valencia/València,20,2025,2,2025-06-01,10.97
Valencia/València,19,2025,1,2025-03-01,10.91
Valencia/València,22,2024,4,2024-12-01,11.52
Valencia/València,21,2024,3,2024-09-01,12.52
Valencia/València,20,2024,2,2024-06-01,10.57
Valencia/València,19,2024,1,2024-03-01,12.2
Valencia/València,22,2023,4,2023-12-01,12.23
Valencia/València,21,2023,3,2023-09-01,11.49
Valencia/València,20,2023,2,2023-06-01,11.47
Valencia/València,19,2023,1,2023-03-01,12.69
Valencia/València,22,2022,4,2022-12-01,12.22
Valencia/València,21,2022,3,2022-09-01,13.82
Valencia/València,20,2022,2,2022-06-01,12.44
Valencia/València,19,2022,1,2022-03-01,11.73
Valencia/València,22,2021,4,2021-12-01,12.14
Valencia/València,21,2021,3,2021-09-01,15.35
Valencia/València,20,2021,2,2021-06-01,16.4
Valencia/València,19,2021,1,2021-03-01,14.96
Valladolid,22,2025,4,2025-12-01,8.59
Valladolid,21,2025,3,2025-09-01,9.74
Valladolid,20,2025,2,2025-06-01,8.09
Valladolid,19,2025,1,2025-03-01,8.75
Valladolid,22,2024,4,2024-12-01,8.07
Valladolid,21,2024,3,2024-09-01,9.22
Valladolid,20,2024,2,2024-06-01,12.17
Valladolid,19,2024,1,2024-03-01,10.56
Valladolid,22,2023,4,2023-12-01,9.1
Valladolid,21,2023,3,2023-09-01,9.27
Valladolid,20,2023,2,2023-06-01,9.28
Valladolid,19,2023,1,2023-03-01,9.84
Valladolid,22,2022,4,2022-12-01,7.71
Valladolid,21,2022,3,2022-09-01,7.5
Valladolid,20,2022,2,2022-06-01,9.54
Valladolid,19,2022,1,2022-03-01,9.4
Valladolid,22,2021,4,2021-12-01,8.56
Valladolid,21,2021,3,2021-09-01,9.65
Valladolid,20,2021,2,2021-06-01,12.65
Valladolid,19,2021,1,2021-03-01,12.82
Zamora,22,2025,4,2025-12-01,10.84
Zamora,21,2025,3,2025-09-01,10.34
Zamora,20,2025,2,2025-06-01,9.32
Zamora,19,2025,1,2025-03-01,12.21
Zamora,22,2024,4,2024-12-01,11.86
Zamora,21,2024,3,2024-09-01,13.95
Zamora,20,2024,2,2024-06-01,10.36
Zamora,19,2024,1,2024-03-01,15.35
Zamora,22,2023,4,2023-12-01,15.58
Zamora,21,2023,3,2023-09-01,12.91
Zamora,20,2023,2,2023-06-01,11.73
Zamora,19,2023,1,2023-03-01,14.33
Zamora,22,2022,4,2022-12-01,13.69
Zamora,21,2022,3,2022-09-01,10.36
Zamora,20,2022,2,2022-06-01,12.19
Zamora,19,2022,1,2022-03-01,13.3
Zamora,22,2021,4,2021-12-01,9.25
Zamora,21,2021,3,2021-09-01,10.79
Zamora,20,2021,2,2021-06-01,11.74
Zamora,19,2021,1,2021-03-01,13.18
Zaragoza,22,2025,4,2025-12-01,8.46
Zaragoza,21,2025,3,2025-09-01,9.02
Zaragoza,20,2025,2,2025-06-01,7.86
Zaragoza,19,2025,1,2025-03-01,8.37
Zaragoza,22,2024,4,2024-12-01,7.2
Zaragoza,21,2024,3,2024-09-01,9.47
Zaragoza,20,2024,2,2024-06-01,7.78
Zaragoza,19,2024,1,2024-03-01,7.73
Zaragoza,22,2023,4,2023-12-01,7.28
Zaragoza,21,2023,3,2023-09-01,8.34
Zaragoza,20,2023,2,2023-06-01,8.94
Zaragoza,19,2023,1,2023-03-01,9.43
Zaragoza,22,2022,4,2022-12-01,9.67
Zaragoza,21,2022,3,2022-09-01,9.53
Zaragoza,20,2022,2,2022-06-01,8.78
Zaragoza,19,2022,1,2022-03-01,11.06
Zaragoza,22,2021,4,2021-12-01,9.88
Zaragoza,21,2021,3,2021-09-01,9.57
Zaragoza,20,2021,2,2021-06-01,12.14
Zaragoza,19,2021,1,2021-03-01,13.35
Ceuta,22,2025,4,2025-12-01,22.21
Ceuta,21,2025,3,2025-09-01,25.47
Ceuta,20,2025,2,2025-06-01,23.74
Ceuta,19,2025,1,2025-03-01,26.01
Ceuta,22,2024,4,2024-12-01,21.79
Ceuta,21,2024,3,2024-09-01,29.3
Ceuta,20,2024,2,2024-06-01,29.55
Ceuta,19,2024,1,2024-03-01,28.99
Ceuta,22,2023,4,2023-12-01,32.66
Ceuta,21,2023,3,2023-09-01,30.5
Ceuta,20,2023,2,2023-06-01,29.42
Ceuta,19,2023,1,2023-03-01,27.34
Ceuta,22,2022,4,2022-12-01,33.34
Ceuta,21,2022,3,2022-09-01,29.6
Ceuta,20,2022,2,2022-06-01,23.65
Ceuta,19,2022,1,2022-03-01,32.82
Ceuta,22,2021,4,2021-12-01,31.17
Ceuta,21,2021,3,2021-09-01,33.59
Ceuta,20,2021,2,2021-06-01,28.1
Ceuta,19,2021,1,2021-03-01,30.54
Melilla,22,2025,4,2025-12-01,23
Melilla,21,2025,3,2025-09-01,23.76
Melilla,20,2025,2,2025-06-01,25.91
Melilla,19,2025,1,2025-03-01,26.6
Melilla,22,2024,4,2024-12-01,25.8
Melilla,21,2024,3,2024-09-01,27.09
Melilla,20,2024,2,2024-06-01,27.93
Melilla,19,2024,1,2024-03-01,32.44
Melilla,22,2023,4,2023-12-01,29.57
Melilla,21,2023,3,2023-09-01,23.61
Melilla,20,2023,2,2023-06-01,22.55
Melilla,19,2023,1,2023-03-01,30.8
Melilla,22,2022,4,2022-12-01,26.15
Melilla,21,2022,3,2022-09-01,22.84
Melilla,20,2022,2,2022-06-01,29.21
Melilla,19,2022,1,2022-03-01,25.41
Melilla,22,2021,4,2021-12-01,26.51
Melilla,21,2021,3,2021-09-01,22.82
Melilla,20,2021,2,2021-06-01,24.24
Melilla,19,2021,1,2021-03-01,27.81
